claim_id,claim,document_id
000000000001,James Comey will testify next Thursday before a U.S. Senate panel investigating Russia's alleged meddling in the 2016 U.S. election.,0000
000000000002,James Comey was leading the FBI's probe into the allegations of Russia's meddling.,0000
000000000003,"Trump renewed his allegation, without citing evidence, that his campaign communications were monitored.",0000
000000010001,The United States will cease payments to the UN Green Climate Fund.,0001
000000010002,Business leaders expressed disappointment with the US withdrawal from the Paris agreement and warned of potential economic repercussions.,0001
000000010003,Democratic leaders strongly criticized Trump's decision to withdraw from the Paris agreement.,0001
000000020001,"<OUTPUT>In a speech, President Donald Trump stated that even with full compliance from all nations, the Paris Agreement would only reduce global temperatures by two-tenths of one degree Celsius by 2100.</OUTPUT>",0002
000000020002,"<OUTPUT>A study published by MIT in April 2016 titled ""How much of a difference will the Paris Agreement make?"" found that if countries adhered to their pledges, global warming would slow by between 0.6 degrees and 1.1 degrees Celsius by 2100.</OUTPUT>",0002
000000030001,James Comey will testify before the Senate Intelligence Committee on June 8th.,0003
000000030002,James Comey was fired by President Trump on May 9th.,0003
000000040001,Elon Musk resigned from Donald Trump's manufacturing jobs council because he disagreed with Trump's decision to withdraw the United States from the Paris climate accord.,0004
000000040002,General Motors Co said Chief Executive Officer Mary Barra would remain on the presidential advisory panel.,0004
000000050001,The EPA plans to offer a buyout program to reduce staff.,0005
000000050002,The EPA would see a 31 percent reduction in its budget under President Trump's 2018 budget proposal.,0005
000000060001,"During his campaign last year, Donald Trump promised to help blue-collar workers who he feels are under siege in a changing U.S. economy.",0006
000000060002,Ivanka Trump had been quietly urging her father to keep the United States in the Paris agreement.,0006
000000070001,There are differing opinions on the US withdrawal from the Paris Climate Agreement.,0007
000000070002,Political figures and leaders criticize President Trump for withdrawing from the Paris Climate Agreement.,0007
000000070003,Critics argue that the withdrawal will harm the environment and diminish US leadership in combating climate change.,0007
000000080001,<OUTPUT>Emmanuel Macron categorically ruled out any renegotiation of the Paris climate accord.</OUTPUT>,0008
000000080002,"<OUTPUT> Emmanuel Macron stated that he would not turn his back on Americans, even though the United States had turned its back on the world.</OUTPUT>",0008
000000090001,"President Donald Trump explained his decision to withdraw the United States from the Paris climate accord in phone calls on Thursday with German Chancellor Angela Merkel, French President Emmanuel Macron, Canadian Prime Minister Justin Trudeau and British Prime Minister Theresa May.",0009
000000090002,President Donald Trump reassured world leaders that America remains committed to the Transatlantic alliance and robust efforts to protect the environment.,0009
000000100001,Theresa May expressed disappointment to Donald Trump.,0010
000000100002,Theresa May remained committed to the Paris Agreement.,0010
000000110001,Rolling back expanded travel will cost airlines $512 million annually.,0011
000000110002,Cruise operators stand to lose $200 million in revenue per year.,0011
000000120001,"Lloyd Blankfein, the Chief Executive Officer of Goldman Sachs Group Inc, criticized the United States’ decision to withdraw from the Paris climate deal.",0012
000000120002,"Gary Cohn, chief economic adviser to President Donald Trump and Blankfein's former No. 2, was part of a group that advocated for staying in the Paris Agreement.",0012
000000130001,"Donald Trump spoke by phone to German Chancellor Angela Merkel, French President Emmanuel Macron, Canadian Prime Minister Justin Trudeau and British Prime Minister Theresa May.",0013
000000130002,Donald Trump spoke to these world leaders to explain his decision to withdraw from the Paris climate accord.,0013
000000140001,Steven Mnuchin said that the federal debt limit would be increased.,0014
000000140002,The Trump administration's tax reform plans aim to create economic growth.,0014
000000150001,"Italy, France, and Germany said they regretted U.S. President Donald Trump's decision to withdraw from the Paris climate accord.",0015
000000150002,"""We deem the momentum generated in Paris in December 2015 irreversible and we firmly believe that the Paris Agreement cannot be renegotiated since it is a vital instrument for our planet, societies and economies,"" the leaders of the three countries said in a rare joint statement.",0015
000000150003,"In a speech at the White House, Trump said the U.S. would look to renegotiate the agreement.",0015
000000160001,The Congressional Budget Office (CBO) found that a Republican healthcare bill would cause 23 million people to lose health insurance coverage.,0016
000000160002,"Mick Mulvaney, Director of the Office of Management and Budget (OMB), called the Congressional Budget Office's (CBO) finding on the Republican healthcare bill ""absurd.""",0016
000000160003,"Steny Hoyer, a Democratic House leader, described Mick Mulvaney's comments as ""irresponsible and unacceptable"" and an ""indication of a bully mentality.""",0016
000000170001,The United States' decision to withdraw from the landmark Paris climate agreement was a major disappointment for global efforts to reduce greenhouse gas emissions and promote global security.,0017
000000170002,"U.N. Secretary-General Antonio Guterres remains confident that cities, states and businesses within the United States - along with other countries - will continue to demonstrate vision and leadership by working for the low-carbon, resilient economic growth.",0017
000000180001,Emmanuel Macron stated that the Paris climate deal was not renegotiable.,0018
000000180002,"The United States and France will continue to work together, but not on climate issues.",0018
000000190001,Peabody Energy dropped 2.2 percent to $24.29 a share.,0019
000000190002,A source briefed on the matter told Reuters that Trump is planning to follow through on his campaign pledge,0019
000000200001,"Anne Hidalgo, the mayor of Paris, stated that President Trump is committing a mistake with dramatic and fatal consequences.",0020
000000200002,"The mayor of Paris stated that ""the great cities of the world, in particular the twelve American C40 cities"" remain resolutely committed to implementing the Paris Agreement.",0020
000000210001,The European Commission deeply regrets the United States' decision to withdraw from the Paris Agreement.,0021
000000210002,The Trump administration withdrew the United States from the Paris Agreement.,0021
000000210003,The EU will seek new alliances in response to the US withdrawal.,0021
000000220001,Former U.S. President Barack Obama criticized Donald Trump's decision to withdraw from the Paris climate agreement.,0022
000000220002,"Barack Obama expressed confidence that U.S. states, cities, and businesses will step up to protect the planet.",0022
000000230001,Jewish community centers received a series of threatening calls.,0023
000000230002,The FCC will propose revising its rules to allow law enforcement to identify threatening callers.,0023
000000230003,Michael Ron David Kadar made at least 245 threatening telephone calls between January 4th and March 7th.,0023
000000240001,President Donald Trump signed a temporary order to keep the U.S. embassy in Israel in Tel Aviv.,0024
000000240002,Trump chose to continue his predecessors' policy of signing a six-month waiver overriding a 1995 law requiring that the embassy be transferred to Jerusalem.,0024
000000250001,Adam Schiff accused Devin Nunes of violating his recusal from its Russia probe.,0025
000000250002,Adam Schiff and Michael Conaway are leading the panel's probe into alleged Russian meddling in the 2016 U.S. election.,0025
000000260001,"Nigel Farage was a ""person of interest"" in the U.S. investigation into possible collusion between Russia and Donald Trump's presidential campaign.",0026
000000260002,Nigel Farage had not been accused of wrongdoing and was not a suspect or target of the U.S. investigation.,0026
000000260003,Nigel Farage's connections with Donald Trump and Julian Assange's Wikileaks raised interest among FBI investigators.,0026
000000270001,German Chancellor Angela Merkel described the Paris climate accord as an “essential” pact.,0027
000000270002,U.S. President Donald Trump will announce later on Thursday his decision on whether to keep the United States in the landmark global pact to fight climate change.,0027
000000280001,"""Any decision to withdraw from the Paris agreement by the U.S. is not sending a good signal, even if the U.S. could remain in CORSIA and withdraw from the Paris agreement.""",0028
000000280002,"Aviation is not part of the Paris accord to fight climate change but the industry last year agreed its own deal to combat aviation pollution, also known as the Carbon Offset and Reduction Scheme for International Aviation (CORSIA).",0028
000000290001,"Israel's consistent position is that the American embassy, like the embassies of all countries with whom we have diplomatic relations, should be in Jerusalem, our eternal capital.",0029
000000290002,U.S. President Donald Trump signed a waiver to delay relocating the U.S. Embassy in Israel to Jerusalem from Tel Aviv.,0029
000000300001,The European Union stated that its position on climate change was clear.,0030
000000300002,The G7 summit in Italy revealed a division between Donald Trump and the other leaders regarding the 2015 Paris Agreement.,0030
000000310001,Anthony Kennedy will turn 81 years old in July.,0031
000000320001,The Vatican strongly backed the Paris climate change deal under Pope Francis' insistence.,0032
000000320002,"Bishop Marcelo Sanchez Sorondo said that a U.S. withdrawal from the Paris Agreement would be ""a huge slap in the face"" for the Vatican.",0032
000000320003,The United States committed to reducing its emissions by 26 to 28 percent compared with 2005 levels by 2025.,0032
000000330001,"Senators John McCain and Lindsey Graham called the new Egyptian NGO law ""draconian"" and a sign of a ""growing crackdown on human rights and peaceful dissent in Egypt"".",0033
000000330002,Egyptian lawmakers stated that the new NGO law was necessary to protect national security.,0033
000000330003,The new Egyptian NGO law introduces jail terms of up to five years for non-compliance.,0033
000000340001,Illinois is the only state in the U.S. to go nearly two straight fiscal years without a complete budget.,0034
000000340002,"As of the article's writing, Illinois has accumulated over $14 billion in unpaid bills due to the lack of a state budget.",0034
000000350001,"If President Donald Trump quits the Paris Climate Agreement, US producers will gain a competitive advantage over their European rivals.",0035
000000350002,The EU will have to respond to market distortions created by US producers gaining a competitive advantage.,0035
000000360001,Millions of immigrants targeted for arrest under the Trump administration's immigration crackdown are staying home and saving more.,0036
000000360002,"Robert Kaplan, president of the Dallas Fed, believes that increased saving among immigrants targeted by the Trump administration's crackdown will mute consumer spending and GDP growth.",0036
000000370001,Robert Kaplan stated that recent weak inflation readings are worrisome.,0037
000000370002,Robert Kaplan believes price pressures are likely building due to falling US unemployment.,0037
000000380001,The Trump administration has rolled out a new questionnaire for U.S. visa applicants worldwide that asks for social media handles for the last five years and biographical information going back 15 years.,0038
000000380002,"On May 23rd, the Office of Management and Budget approved the new questions for visa applicants despite criticism.",0038
000000390001,U.S. companies signed business deals with Vietnam worth over $8 billion on Wednesday.,0039
000000390002,"GE signed deals in Vietnam worth about $5.58 billion for power generation, aircraft engines and services.",0039
000000400001,The U.S. Commerce Department announced 13 new transactions with Vietnam worth $8 billion.,0040
000000400002,President Trump would be discussing trade with Prime Minister Phuc.,0040
000000400003,Vietnam is involved in maritime disputes with China in the South China Sea.,0040
000000410001,The White House disclosed a list of at least 11 ethics waivers which include White House adviser Kellyanne Conway and Trump's Chief of Staff Reince Priebus.,0041
000000410002,"Kellyanne Conway is permitted to participate in communications and meetings involving former clients which are political, advocacy, trade or non-profit organizations.",0041
000000420001,Joe Biden will announce the formation of a political action committee on Thursday.,0042
000000420002,"Joe Biden's political action committee, ""American Possibilities"", will be run by Greg Schultz.",0042
000000430001,CNN fired comedian Kathy Griffin from its annual New Year’s Eve broadcast on Wednesday.,0043
000000430002,"Griffin posed in photographs holding up the likeness of a severed head, which resembled President Trump.",0043
000000440001,"Representative Devin Nunes issued subpoenas to the CIA, FBI, and NSA without informing Democratic members of the committee.",0044
000000440002,"The subpoenas issued by Representative Devin Nunes related to ""unmasking"" were separate from the Russia investigation.",0044
000000450001,"<OUTPUT>U.S. Homeland Security Secretary John Kelly said he was open to discussing letting more than 50,000 victims of Haiti’s 2010 earthquake stay in the United States past next January.</OUTPUT>",0045
000000450002,<OUTPUT>Temporary Protected Status (TPS) for Haitians was implemented seven years after a 7.0-magnitude earthquake struck near Port-au-Prince in January 2010.</OUTPUT>,0045
000000460001,Hillary Clinton said she suspects President Donald Trump’s campaign gave guidance to Russian government propaganda efforts during last year’s U.S. presidential campaign.,0046
000000460002,Hillary Clinton said propaganda spread on sites such as Facebook helped cost her the election.,0046
000000470001,President Donald Trump sought to insert himself into congressional investigations on Russia.,0047
000000470002,Donald Trump supported Carter Page's request to testify before Congress regarding the Russia investigations.,0047
000000480001,President Trump is required by law to make a decision on relocating the US embassy in Israel to Jerusalem by Friday.,0048
000000480002,"Trump's administration intends to make it clear that he remains committed to his 2016 campaign promise of relocating the US embassy in Israel, but will not set a specific timetable for doing so.",0048
000000500001,Donald Trump intends to withdraw the United States from the Paris Agreement.,0050
000000500002,The United States would formally have to wait until November 2020 to withdraw from the Paris Agreement according to U.N. rules.,0050
000000500003,"Trump could shorten the formal withdrawal process from the Paris Agreement to one year by exiting the 1992 Climate Convention, its parent treaty.",0050
000000510001,Ben Jealous announced he would seek the Democratic nomination for Maryland governor.,0051
000000510002,Ben Jealous said incumbent Larry Hogan had failed to oppose Trump policies that would weaken healthcare and education as well as environmental protection of the Chesapeake Bay.,0051
000000520001,"President Donald Trump will announce his decision ""very soon"" on whether to withdraw the United States from the Paris climate deal.",0052
000000520002,President Donald Trump has been hearing from people on both sides of the issue regarding the Paris climate deal.,0052
000000530001,The White House will refer all questions about investigations into Russia's contacts with President Donald Trump's aides to outside counsel Marc Kasowitz.,0053
000000530002,"Sean Spicer, the White House spokesman told reporters that all questions on these matters would be referred to Marc Kasowitz.",0053
000000540001,Sean Spicer stated that President Donald Trump has not yet made a final decision on whether to withdraw from the Paris Accord.,0054
000000540002,"When President Donald Trump makes a decision about the Paris Accord, he will make a clear announcement.",0054
000000550001,A psychiatrist at the VA was caught watching pornography on an iPad while seeing a veteran.,0055
000000550002,"The U.S. Department of Veterans Affairs has 1,500 disciplinary actions pending.",0055
000000550003,VA buildings on average are 60 years old.,0055
000000550004,The VA spends $25 million a year maintaining 400 vacant buildings and 735 underutilized facilities.,0055
000000560001,Former FBI Director James Comey plans to confirm reports that President Donald Trump pressured him to drop an investigation into former national security adviser Michael Flynn’s ties to Russia.,0056
000000560002,"On May 19th, the Senate Intelligence Committee said that Comey would testify before the panel publicly at some point after Monday’s Memorial Day holiday.",0056
000000570001,Axios news outlet reported on Wednesday that U.S. President Donald Trump had decided to withdraw from the Paris climate agreement.,0057
000000570002,German government spokeswoman Ulrike Demmer stated she did not have information beyond what was reported about Trump's decision.,0057
000000580001,Donald Trump intends to withdraw the United States from the Paris Agreement.,0058
000000580002,The Paris Agreement aims to significantly reduce global greenhouse gas emissions.,0058
000000590001,The European Union's executive has not been forewarned about a possible U.S. withdrawal from the global deal on fighting climate change.,0059
000000590002,President Donald Trump will follow through on a campaign pledge to pull the United States out of a pact.,0059
000000600001,President Donald Trump will pull the United States out of a global pact to fight climate change.,0060
000000600002,"U.S. carbon emissions fell to 5,135 million metric tons in 2017 from 5,171 million metric tons in 2016.",0060
000000610001,Europe must make clear to the United States that quitting the Paris climate agreement is not a straightforward process.,0061
000000610002,It would take several years for the U.S. to extricate itself from the obligations of the Paris climate agreement.,0061
000000620001,The Trump administration is considering broadening the Obamacare limits on claiming a religious or moral exemption from providing health insurance that covers birth control.,0062
000000620002,"Under the 2010 Affordable Care Act, employers are required to provide health insurance that covers birth control except for religious houses of worship, which are exempt.",0062
000000630001,The Paris accord is a political agreement.,0063
000000630002,National commitments are voluntary and may be amended.,0063
000000640001,Finland’s Prime Minister Juha Sipila believes that a US withdrawal from the Paris climate deal would be a big setback.,0064
000000640002,Climate change is a priority for Finland in both the Arctic Council and the European Union.,0064
000000650001,The European Commission stood ready to take global leadership on the Paris climate deal if the United States withdrew.,0065
000000650002,Maros Sefcovic believes that a US withdrawal from the Paris climate deal would be disappointing but not alter the course of mankind.,0065
000000660001,Mike Dubke resigned as U.S. President Donald Trump's communication director.,0066
000000660002,Mike Dubke gave no reason for leaving his position as communication director.,0066
000000660003,"Trump plans to bring in new aides to the White House, including a former campaign manager.",0066
000000670001,Michael Flynn's representatives told the Senate Intelligence Committee they would start turning over some subpoenaed documents.,0067
000000670002,The Senate Intelligence Committee issued subpoenas to two of Flynn's businesses after Flynn declined to comply with a subpoena issued to him personally.,0067
000000680001,"Donald Trump called Germany’s trade and spending policies ""very bad"" on Tuesday.",0068
000000680002,The United States has a massive trade deficit with Germany.,0068
000000690001,U.S. President Donald Trump views Germany as an important ally.,0069
000000690002,U.S. President Donald Trump gets along very well with German Chancellor Angela Merkel.,0069
000000700001,The U.S. House Intelligence Committee has not issued a subpoena to Michael Cohen.,0070
000000700002,Michael Cohen stated he was asked to provide information and testimony to investigators in the House and Senate.,0070
000000710001,President Donald Trump was scheduled to interview James Pistole and Chris Wray on Tuesday.,0071
000000710002,Donald Trump fired James Comey on May 9.,0071
000000720001,U.S. Secretary of State Rex Tillerson authorized the State Department to notify Congress of the Trump administration’s sale of precision-guided munitions for Saudi Arabia.,0072
000000720002,This notification triggers a formal 30-day review by Congress to allow members to attempt to pass legislation to stop any sale.,0072
000000730001,Donald Trump called for the U.S. Senate to switch to 51 votes to pass healthcare and tax cuts.,0073
000000730002,"Earlier this month, Senate Majority Leader Mitch McConnell rejected Donald Trump's idea for the U.S. Senate to switch to 51 votes.",0073
000000740001,Congressional investigations into alleged Russian meddling in the 2016 U.S. election have expanded to include Michael Cohen.,0074
000000740002,Michael Cohen confirmed he had been asked to provide information and testimony to investigators.,0074
000000750001,Relations between Berlin and Washington are in a difficult phase.,0075
000000750002,Sigmar Gabriel believes that relations between the United States and Germany will improve in the future.,0075
000000760001,"Section 702 allows U.S. intelligence agencies to collect communications from foreigners, but it may also incidentally collect some data belonging to Americans.",0076
000000760002,A bipartisan group of lawmakers in the House Judiciary Committee is drafting legislation to address the concerns raised by technology companies about Section 702.,0076
000000770001,The U.S. appeals court ruled on Ohio's voter registration policy.,0077
000000770002,The National Voter Registration Act was passed to make it easier for Americans to register to vote.,0077
000000770003,"In Ohio's three largest counties, voters were struck from the rolls in Democratic-leaning neighborhoods at roughly twice the rate as in Republican neighborhoods under the policy according to a Reuters analysis.",0077
000000780001,Chuck Grassley requested an investigation into potentially fraudulent statements and misrepresentations made by companies promoting investment in a property development involving the family company of White House advisor Jared Kushner.,0078
000000780002,"Chinese investors account for around 80 percent of the nearly 10,000 EB-5 visas issued annually.",0078
000000790001,"Republican U.S. Senator John McCain said on Tuesday that China is behaving like a bully with its militarization of islands in the South China Sea, and that Washington must confront this with its allies to find a peaceful solution.",0079
000000790002,"The United States estimates Beijing has added more than 3,200 acres (1,300 hectares) of land on seven features in the South China Sea over the past three years.",0079
000000800001,The Trump administration is nearing completion of a policy review to determine how far it goes in rolling back former President Barack Obama's engagement with Cuba.,0080
000000800002,President Donald Trump's advisers are crafting recommendations that could call for tightening some of the trade and travel rules that Obama eased in his rapprochement with Havana.,0080
000000810001,Republican Matt Rinaldi said he was physically assaulted by a Democratic colleague.,0081
000000810002,Governor Greg Abbott signed a bill targeting cities providing sanctuary to illegal immigrants into law on May 7th.,0081
000000810003,Texas has an estimated 1.5 million illegal immigrants.,0081
000000820001,John McCain believes Vladimir Putin is a bigger threat to global security than ISIS.,0082
000000820002,The U.S. Senate intends to push for sanctions against Russia for its alleged interference in the U.S. election.,0082
000000830001,Tillerson declined to host a reception for Eid al-Fitr.,0083
000000830002,The State Department celebrates other religious traditions besides Ramadan.,0083
000000830003,Muslim-American groups have not yet received invitations to the State Department's Ramadan event this year.,0083
000000830004,Trump has had a difficult relationship with the Muslim community in the past.,0083
000000840001,Trump associates had contact with Russian officials during the campaign.,0084
000000840002,U.S. intelligence agencies concluded that Russia interfered in the election to help Trump.,0084
000000840003,Jared Kushner attempted to establish a secret communication channel with Russian officials.,0084
000000840004,White House officials defended the concept of secret communications channels.,0084
000000850001,The United States might ban laptops from aircraft cabins on all flights into and out of the country.,0085
000000850002,"In March, the government imposed restrictions on large electronic devices in aircraft cabins on flights from 10 airports, including the United Arab Emirates, Qatar, and Turkey.",0085
000000860001,National Security Adviser H.R. McMaster stated that back-channeling was normal.,0086
000000860002,"According to H.R. McMaster, back-channel communications allow for discreet communication.",0086
000000870001,FBI investigators are examining whether Russians suggested to Kushner or other Trump aides that relaxing economic sanctions would allow Russian banks to offer financing to people with ties to Trump.,0087
000000870002,"The head of Russian state-owned Vnesheconombank, Sergei Nikolaevich Gorkov, a trained intelligence officer whom Putin appointed, met Kushner at Trump Tower in December. The bank is under U.S. sanctions and was implicated in a 2015 espionage case in which one of its New York executives pleaded guilty to spying and was jailed.  The bank said in a statement in March that it had met with Kushner along with other representatives of U.S. banks and business as part of preparing a new corporate strategy.",0087
000000880001,Donald Trump ended a nine-day overseas journey.,0088
000000880002,Donald Trump flipped traditional U.S. foreign policy upside down on his tour through the Middle East and Europe.,0088
000000880003,"At a Group of Seven summit, Donald Trump refused to maintain U.S. support for the Paris climate agreement.",0088
000000890001,Zbigniew Brzezinski helped found the Trilateral Commission.,0089
000000890002,Brzezinski and Cyrus Vance were rivals for President Carter's attention.,0089
000000890003,Brzezinski favored military action to rescue the American hostages in Iran.,0089
000000890004,Brzezinski supported the SALT-2 arms control accord.,0089
000000900001,President Donald Trump ordered a temporary travel ban on March 6th.,0090
000000900002,"The American Civil Liberties Union (ACLU) represented refugee groups challenging the travel ban, arguing it violated the Constitution.",0090
000000910001,H.R. McMaster said President Donald Trump supports NATO's mutual defense doctrine.,0091
000000910002,"During a visit to Brussels, Donald Trump did not explicitly mention his support for Article 5.",0091
000000920001,Texas Governor Greg Abbott joked about carrying a bullet-pocked target if he saw reporters.,0092
000000920002,"The bill signed by Texas Governor Greg Abbott will reduce the cost of a first-time handgun license from $140 to $40 and lower the renewal fee from $70 to $40, effective in September.",0092
000000930001,Oleg Deripaska offered to testify to congressional panels investigating Russian meddling in the 2016 election.,0093
000000930002,Oleg Deripaska offered to testify in exchange for full immunity from prosecution.,0093
000000940001,The Office of Management and Budget requested a stay of the Office of Government Ethics' request for information on lobbyists working in the administration.,0094
000000940002,"Walter Shaub called the OMB's request ""highly unusual.""",0094
000000950001,The Senate Intelligence Committee is investigating Russian meddling in the US 2016 election.,0095
000000950002,The Senate Intelligence Committee asked Donald Trump's political organization for all documents dating back to the campaign launch in June 2015.,0095
000000960001,President Donald Trump ordered the Interior Department to review 27 national monuments created since 1996.,0096
000000960002,"As of Friday, more than 107,000 comments were received on the national monument review.",0096
000000960003,The public had until May 26 to comment on Bears Ears National Monument.,0096
000000970001,Trump is frustrated with his communications team for not effectively portraying him as uninvolved in the Russia probe.,0097
000000970002,Trump is planning to travel more and hold political rallies.,0097
000000980001,John Boehner has known Donald Trump for 15 years.,0098
000000980002,"John Boehner stated that everything Donald Trump has done besides foreign affairs ""has been a complete disaster.""",0098
000000990001,John F. Kennedy spent his mid-teens at Connecticutâs elite Choate Rosemary Hall.,0099
000000990002,"John F. Kennedy excelled at history and literature but infuriated the school headmaster by organizing pranks as part of a club called ""The Muckers"".",0099
000000990003,John F. Kennedy recounts being shot at after calling an old farmer a bad name.,0099
000001000001,Hillary Clinton criticized a budget proposal that would cut $3.6 trillion in government spending over the next decade.,0100
000001000002,"According to Hillary Clinton, the proposed budget cuts would impact public education, mental health programs, and efforts to combat the opioid epidemic.",0100
000001010001,Greg Gianforte won Montana's seat in the U.S. House of Representatives.,0101
000001010002,Greg Gianforte grabbed Ben Jacobs by the neck with both hands and slammed him to the ground.,0101
000001020001,U.S. Secretary of State Rex Tillerson said that the U.S. government takes full responsibility for the leaks of British police investigation into the Manchester bombing.,0102
000001020002,British police briefly suspended intelligence sharing with the United States after private details of their investigation repeatedly appeared in American media.,0102
000001030001,"Jared Kushner, a senior White House adviser, is under scrutiny by the FBI in the Russia probe.",0103
000001030002,Kushner is being investigated because of his meetings in December and other possible interactions with the Russian ambassador and a banker from Moscow.,0103
000001030003,Several congressional committees are looking into allegations of meddling by Russia in the 2016 U.S. election.,0103
000001040001,A U.S. appeals court refused to reinstate President Donald Trump's travel ban.,0104
000001040002,"Judge Dennis Shedd dissented, stating that ""the real losers in this case are the millions of individual Americans whose security is threatened on a daily basis by those who seek to do us harm.""",0104
000001050001,The United States issued about 50 percent fewer visitor visas in April to citizens of seven countries covered by President Donald Trump's temporary travel bans than it did in an average month last year.,0105
000001050002,The total number of U.S. non-immigrant visas issued to people from all countries was about 15 percent lower in April compared with the 2016 monthly average.,0105
000001060001,Donald Trump accused NATO allies of not spending enough on defense.,0106
000001060002,NATO allies agreed to a target of spending 2 percent of their economic output annually on defense by 2024.,0106
000001070001,A bipartisan group of U.S. senators reintroduced legislation to repeal all restrictions on travel to Cuba.,0107
000001070002,The Freedom to Travel to Cuba Act was introduced in 2015 by eight Republican and Democratic co-sponsors.,0107
000001070003,The latest measure attracted 55 co-sponsors.,0107
000001080001,The last Green Book was issued by the Obama administration in February 2016.,0108
000001080002,"On April 26, the Trump administration released a one-page list of tax proposals summarized in 12 bullet points.",0108
000001090001,The American Civil Liberties Union sued the U.S. Department of Homeland Security on Thursday.,0109
000001090002,"There have been hunger strikes at U.S. Immigration and Customs Enforcement (ICE) detention centers in Georgia, Oregon and Washington in recent weeks.",0109
000001090003,"From April 1-22, an average of 36,235 immigrants were in detention per day.",0109
000001100001,<OUTPUT>U.S. lawmakers introduced legislation on Thursday seeking to stop at least a portion of President Donald Trump's sale of weapons to Saudi Arabia.</OUTPUT>,0110
000001100002,"<OUTPUT>The arms deal includes $110 billion of U.S. arms, with options running as high as $350 billion over 10 years.</OUTPUT>",0110
000001110001,U.S. President Donald Trump arrived in Sicily from Brussels on Thursday.,0111
000001110002,Other leaders are expected to pressure Donald Trump on trade and climate change.,0111
000001120001,The Federal Bureau of Investigation declined to give the House Oversight Committee documents regarding communications between former FBI chief James Comey and President Donald Trump.,0112
000001120002,The House Oversight Committee set a deadline of Wednesday for the FBI's response regarding documents on communications between former FBI chief James Comey and President Donald Trump.,0112
000001130001,Joe Lieberman withdrew his consideration for the position of FBI director.,0113
000001130002,"Joe Lieberman cited a potential conflict of interest due to President Trump hiring Marc Kasowitz, who works at the same firm as Lieberman.",0113
000001140001,President Donald Trump fired James Comey on May 9th.,0114
000001140002,"President Donald Trump was scheduled to interview Joseph Lieberman, Andrew McCabe, Frank Keating, and Richard McFeely for the position of FBI director.",0114
000001150001,Republican and Democratic U.S. congressmen introduced a bill on Thursday that would ban Americans from traveling to North Korea as tourists.,0115
000001150002,At least 17 Americans have been detained in North Korea in the past decade.,0115
000001160001,U.S. President Donald Trump pushed past Prime Minister Dusko Markovic at a NATO summit in Brussels.,0116
000001160002,Montenegro will formally become NATO's 29th state in June.,0116
000001170001,Trump has been clear on his commitment to NATO.,0117
000001170002,President Trump has also been clear in the message to all allies that we have to deliver on the pledge we made to increase defense spending.,0117
000001190001,Donald Trump expressed concern that Americans may lose jobs as a result of Britain leaving the EU in 2019.,0119
000001190002,EU officials said the meeting between Trump and EU leaders was constructive and friendly.,0119
000001200001,"Melania Trump, wife of US President Donald Trump, toured a museum dedicated to Belgian surrealist painter Rene Magritte in Brussels.",0120
000001200002,The museum toured by Melania Trump is dedicated to Belgian surrealist painter Rene Magritte.,0120
000001210001,Each man gripped each other’s right hand so firmly that their knuckles turned white and their jaws seemed to clench.,0121
000001210002,"Macron approached a group of other leaders and made Trump wait, firstly exchanging greetings with Merkel, the head of the Western military bloc, and others.",0121
000001220001,"Donald Trump told Emmanuel Macron, “You were my guy”.",0122
000001220002,Donald Trump told Emmanuel Macron that he did not back Marine Le Pen.,0122
000001230001,Former CIA Director John Brennan warned the head of Russia's FSB security service that Russian interference in the U.S. presidential election would hurt U.S. ties.,0123
000001230002,Published media reports cited Russian attempts to meddle in the 2016 U.S. presidential election.,0123
000001240001,John Brennan testified to the U.S. House of Representatives Intelligence Committee that he had unresolved questions about whether the Russians had been successful in getting U.S. persons to work on their behalf.,0124
000001240002,John Brennan expressed concern about Russian efforts to recruit Americans.,0124
000001250001,"Senator Bob Corker, chairman of the U.S. Senate Foreign Relations Committee, said the panel could take up a bill to impose new sanctions on Russia as soon as this summer.",0125
000001250002,Some Democrats on the Senate Foreign Relations Committee wanted to act more quickly on sanctions over Russian activities.,0125
000001260001,"U.S. President Donald Trump called the Manchester attacks ""savage"" and ""barbaric"".",0126
000001260002,U.S. President Donald Trump said the United States would never stop fighting terrorism.,0126
000001260003,"U.S. President Donald Trump accused low-spending members of the alliance of owing ""massive amounts of money"" to NATO.",0126
000001270001,U.S. Commerce Secretary Wilbur Ross requested a $5.5 million increase for the agency's enforcement budget this year.,0127
000001270002,The Trump Administration requested an additional $4.5 million for the International Trade Administration's enforcement and compliance section.,0127
000001280001,The U.S. Senate Foreign Relations Committee voted 18-3 in favor of the legislation imposing new sanctions on Iran.,0128
000001280002,Lawmakers who supported the bill believed its passage would not violate the terms of the international nuclear agreement with Iran.,0128
000001290001,A senior White House official said that U.S. President Donald Trump stands united with other NATO countries in defending all members of the Western military alliance.,0129
000001290002,NATOâs founding treaty states that an attack on one ally is considered an attack on all allies.,0129
000001300001,Treasury Secretary Steven Mnuchin stated that the Trump administration is hopeful they can find common ground on a bipartisan tax deal.,0130
000001310001,British police stopped sharing information about the Manchester suicide bombing with the United States.,0131
000001310002,U.S. President Trump stated he would seek an official review of leaks and that culprits should be prosecuted.,0131
000001320001,Lewis Lukens condemned media leaks of an investigation into a suicide bomb in Manchester.,0132
000001320002,The U.S. government is launching an investigation into the leaks.,0132
000001320003,Theresa May said she would tell Donald Trump that intelligence shared between their countries had to remain secure.,0132
000001330001,President Donald Trump pledged to donate all profits from overseas governments to the U.S. Treasury.,0133
000001330002,The Trump Organization stated in a pamphlet that it would only donate profits from guests who declare they represent foreign governments.,0133
000001330003,"Seven Democratic lawmakers on the House Judiciary Committee asked President Trump for a detailed account of any benefits or rewards, financial or otherwise, he received from foreign governments since he took office on January 20.",0133
000001340001,Greg Gianforte was cited for a misdemeanor assault.,0134
000001340002,Ben Jacobs accused Greg Gianforte of physical assault.,0134
000001340003,Sheriff Brian Gootkin stated that the nature of the injuries did not meet the statutory elements of felony assault.,0134
000001350001,Greg Gianforte was cited for a misdemeanor on Wednesday.,0135
000001350002,"Ben Jacobs, a reporter for the Guardian, accused Greg Gianforte of physical assault.",0135
000001360001,Senior Russian intelligence and political officials discussed how to influence Donald Trump through his advisers according to information gathered by American spies last summer.,0136
000001360002,"The conversations focused on Paul Manafort, then the Trump presidential campaign chairman, and Michael Flynn, a retired general who was then advising Trump.",0136
000001370001,The House Republicans' bill is projected to leave 24 million more people uninsured compared to Obamacare in 2026.,0137
000001370002,Insurance premiums are projected to fall for younger people in states that do not waive Obamacare requirements.,0137
000001380001,"Mitch McConnell said, ""We have a good relationship.""",0138
000001380002,Mitch McConnell said he and Donald Trump are aligned in putting an overhaul of Obamacare and a rewrite of the tax code at the top of their agenda.,0138
000001390001,The U.S. Treasury is reviewing licenses for Boeing Co and Airbus to sell aircraft to Iran.,0139
000001390002,Steven Mnuchin stated that sanctions were responsible for bringing Iran to the negotiating table ahead of the nuclear deal.,0139
000001400001,"Last summer, U.S. spies learned that Russian officials discussed influencing Donald Trump through his advisers Paul Manafort and Michael Flynn.",0140
000001400002,Russian intelligence and political officials appeared confident that Paul Manafort and Michael Flynn could be used to help shape Donald Trump’s opinions on Russia.,0140
000001410001,Trump has been following a prepared script during his international trip.,0141
000001410002,"Trump has moderated his language, acknowledging the complexity of the Israeli-Palestinian conflict.",0141
000001410003,"Trump's inner circle, including Jared Kushner and Ivanka Trump, played a crucial role in planning and executing the international trip.",0141
000001420001,The House-passed bill would result in 23 million people losing health insurance coverage by 2026.,0142
000001420002,Federal budget deficits would fall by $119 billion over 10 years under the House-passed bill.,0142
000001430001,"U.S. President Donald Trump's bid to slash funding for the United Nations would make it ""impossible"" for it to continue its essential work.",0143
000001430002,"The United States is the biggest U.N. contributor, paying 22 percent of the $5.4 billion core budget and 28.5 percent of the $7.9 billion peacekeeping budget.",0143
000001440001,Mitch McConnell expects bipartisan support for approval of a bill authorizing taxpayer and industry funding for the U.S. Food and Drug Administration.,0144
000001440002,The FDA has been charging companies to review their products since 1992.,0144
000001450001,Vermont Governor Phil Scott vetoed a bill to legalize recreational marijuana.,0145
000001450002,Vermont's House of Representatives approved the bill 79-66 and the state Senate approved it 20-9.,0145
000001450003,Vermont would have been the first state to legalize recreational marijuana through legislation.,0145
000001460001,Carter Page will testify on June 6 before a House committee investigating alleged efforts by Russia to influence the U.S. election.,0146
000001460002,"Carter Page wrote a letter to the leaders of the House Intelligence Committee's investigation stating that previous witnesses presented ""one biased viewpoint"".",0146
000001470001,Senior U.S. lawmakers want the House of Representatives to formally condemn Turkish security forces for their violent response during a protest.,0147
000001470002,The senior U.S. lawmakers are seeking a formal condemnation of the violence directed towards peaceful protesters by Turkish security forces.,0147
000001480001,The White House proposed selling off half of the U.S. emergency crude oil stockpile to help balance the budget.,0148
000001480002,The plan aims to raise nearly \$1.9 billion over ten years.,0148
000001480003,Lawmakers expressed concerns that releasing oil from the SPR could dampen crude prices and hurt drilling companies.,0148
000001490001,Pope Francis urged US President Donald Trump to be a peacemaker at their meeting.,0149
000001490002,Pope Francis gave Trump a small sculptured olive tree symbolizing peace.,0149
000001490003,"Pope Francis gave Trump a signed copy of his 2017 peace message titled ""Nonviolence - A Style of Politics for Peace"".",0149
000001500001,President Donald Trump hired Marc Kasowitz as his private attorney.,0150
000001500002,Kasowitz has represented Trump for more than 15 years.,0150
000001500003,Trump settled the claims against Trump University for $25 million.,0150
000001510001,Democrats on the U.S. House Financial Services Committee requested information from Deutsche Bank CEO John Cryan about internal reviews of Donald Trump's loans.,0151
000001510002,"A Russian ""mirror trading"" scheme allowed $10 billion to flow out of Russia.",0151
000001520001,U.S. House Speaker Paul Ryan stated that Republicans will be able to push through tax reform by the end of this year.,0152
000001520002,Paul Ryan stated that he could envision a scenario where tax reform passes the House of Representatives without including a border adjustment tax.,0152
000001530001,"On Wednesday, Paul Ryan called on health insurance companies to ""stick it out"" in the Obamacare marketplace despite concerns over its stability.",0153
000001530002,There is ongoing litigation over the fate of the Obamacare cost-sharing subsidies.,0153
000001540001,The Texas House of Representatives gave preliminary approval on Tuesday to a new bill on showing identification when voting.,0154
000001540002,The previous voter ID law was struck down by U.S. courts which said it discriminated against black and Hispanic people.,0154
000001550001,President Trump requested to cut defense spending by $54 billion.,0155
000001550002,There is a proposed $1.6 billion down payment to begin building a wall along the US-Mexico border.,0155
000001560001,Ariana Grande returned to the United States on Tuesday.,0156
000001560002,"23-year-old Ariana Grande arrived at an airport in Boca Raton, Florida.",0156
000001560003,"A suicide bomber killed 22 people at Ariana Grande's concert in Manchester, England.",0156
000001570001,Russia tried to recruit Americans during the presidential campaign.,0157
000001570002,Individuals can unintentionally help the Russian cause.,0157
000001570003,"Brennan saw information suggesting potential collusion between Trump and Russian actors, warranting FBI investigation.",0157
000001570004,Trump's campaign advisors had contacts with Russian officials and individuals connected to the Kremlin.,0157
000001570005,Flynn was forced to resign due to his failure to disclose content of conversations with Sergei Kislyak.,0157
000001580001,The White House official stated there is no evidence of any Russia-Trump campaign collusion.,0158
000001580002,Former CIA director John Brennan was aware of contacts between Russian officials and people involved in the Trump campaign.,0158
000001590001,The package would raise income tax from 3.75 percent to 4.95 percent and corporate tax from 5.25 percent to 7 percent.,0159
000001590002,"The income tax hike would generate an estimated $4.4 billion annually, and the corporate income tax increase would generate around $514 million annually.",0159
000001600001,"Trump's proposed budget cuts $800 billion from the Medicaid healthcare plan, impacting states like West Virginia, Arkansas, and Kentucky.",0160
000001600002,"There are differing opinions on the proposed budget cuts, with some Republicans supporting them due to concerns about food stamp eligibility, while others criticize their impact on low-income individuals and public investments.",0160
000001610001,Senator Lindsey Graham opposes President Trump's proposed cuts in the diplomatic and foreign aid budget.,0161
000001610002,President Trump's budget proposal would reduce U.S. funding for global health programs by approximately 25 percent.,0161
000001610003,The Trump budget proposal includes a steep cut to funding for international organizations but does not specify which groups might lose their funding.,0161
000001620001,Flynn's attorney stated that Flynn declined to comply with the subpoena for documents.,0162
000001620002,The Senate Intelligence Committee issued a subpoena for Flynn to provide documents related to their investigation of possible Russian interference in the 2016 U.S. election and whether there was collusion between Trump's campaign and Russia.,0162
000001630001,Donald Trump is seeking a $52 billion hike for the Pentagon.,0163
000001630002,"The Pentagon’s specific defense request is for $574.5 billion, an increase of 4.6 percent compared with the budget for fiscal year 2017.",0163
000001630003,The proposal includes an additional $65 billion in Overseas Contingency Operations (OCO) money.,0163
000001640001,The Trump administration wants to allow states to expand the use of tolling on interstate highways.,0164
000001640002,The Trump administration proposes sharply cutting grants for transit projects.,0164
000001650001,President Trump's 2018 budget proposal seeks to drastically reduce US foreign aid spending.,0165
000001650002,The proposed 2018 Mexican aid of $87.66 million represents a decrease of more than 45 percent from the 2016 outlay.,0165
000001660001,President Donald Trump proposed slashing agriculture spending.,0166
000001660002,The White House proposed $46.54 billion in cuts to federal government funding for the agriculture sector over the next 10 years.,0166
000001660003,"The budget proposal could lead to the elimination of 5,263 jobs at the USDA if implemented.",0166
000001670001,President Donald Trump made a historic visit to Jerusalem's Western Wall on Monday.,0167
000001670002,"Rabbi Shmuel Rabinowitz, Rabbi of the Western Wall, recited two psalms with President Trump.",0167
000001680001,"The Texas House of Representatives approved a bill requiring public school students to use bathrooms, changing facilities and locker rooms that match their biological sex.",0168
000001680002,Critics said the House and Senate versions of the bill undermined civil rights and used children as political pawns.,0168
000001690001,Representative Tom MacArthur resigned as co-chairman of the Tuesday Group.,0169
000001690002,Tom MacArthur resigned as co-chairman of the Tuesday Group due to divisions over efforts to overhaul the nation’s healthcare system.,0169
000001690003,"More than half of the Republican ""no"" votes for the House's Obamacare replacement legislation came from Tuesday Group members.",0169
000001700001,The Commodity Futures Trading Commission is seeking a $31.5 million boost on its current $250 million budget.,0170
000001700002,The White House proposed to keep the budgets of both the CFTC and the Securities and Exchange Commission flat.,0170
000001710001,The U.S. Northeast Gasoline Supply Reserve (NGSR) was established in 2014 to minimize the impact of sudden supply interruptions.,0171
000001710002,"The Northeast Gasoline Supply Reserve (NGSR) consists of 1 million barrels of gasoline blendstock and is stored in commercial storage terminals in Maine, Massachusetts, and New Jersey.",0171
000001710003,The NGSR has not been utilized.,0171
000001720001,The White House projects savings of $35 billion over a decade by rolling back regulations governing Wall Street.,0172
000001720002,The Congressional Budget Office (CBO) estimated that $24 billion would be saved over a decade if a broad Dodd-Frank rollback bill currently in the House of Representatives were passed.,0172
000001720003,"The Commodity Futures Trading Commission (CFTC) and U.S. Securities and Exchange Commission would see their budgets hold steady at $250 million and $1.6 billion, respectively, under the new budget.",0172
000001720004,The Office of Financial Research is facing a 28 percent budget cut under the new plan.,0172
000001730001,Brian Cornell is the CEO of Target Corp.,0173
000001730002,Juan Luciano is the president and CEO of ADM.,0173
000001730003,"House Speaker Paul Ryan argues that a proposed border tax, estimated at $1 trillion, will not affect prices and allow rate cuts for businesses.",0173
000001740001,President Donald Trump is requesting $1.6 billion from Congress to begin building a wall along the border with Mexico.,0174
000001740002,An internal Department of Homeland Security (DHS) plan in February estimated the total cost for the wall at $21.6 billion.,0174
000001740003,"The White House is requesting $1.6 billion for wall construction, significantly less than the estimated $21.6 billion cost outlined in a February DHS plan.",0174
000001750001,The Trump administration believes its budget plan will boost economic growth.,0175
000001760001,"The budget proposal unveiled by the White House on Tuesday cut all funding to a Department of Homeland Security program known as ""countering violent extremism"".",0176
000001760002,"The ""countering violent extremism"" program provides grants to communities to counter radicalism through outreach.",0176
000001770001,Robert Mueller has been cleared by the U.S. Department of Justice ethics experts to oversee the investigation.,0177
000001770002,An ethics rule limiting government attorneys from investigating people their former law firm represented raised questions over how Mueller would be allowed to operate.,0177
000001780001,The U.S. intelligence community has not initiated an assessment.,0178
000001780002,President Donald Trump disclosed highly classified information.,0178
000001790001,Dan Coats declined to say whether President Donald Trump asked him about denying collusion between his campaign team and Russia.,0179
000001790002,Dan Coats stated that he doesn't feel it's appropriate to characterize discussions and conversations with the president.,0179
000001800001,Dan Coats had no relevant documents to provide regarding memos of any conversations he may have had with President Donald Trump about the Russia investigation.,0180
000001800002,Dan Coats repeatedly declined to say whether President Donald Trump asked him to help deny any collusion between the Trump campaign team and Russia.,0180
000001810001,"U.S. House Speaker Paul Ryan said, ""At least we now have common objectives: grow the economy, balance the budget. So at least we are now on that common ground, and we will have a great debate about the details about how to achieve those goals.""",0181
000001810002,The common objectives identified by Republican leaders and the administration are to grow the economy and balance the budget.,0181
000001820001,President Donald Trump's budget proposal aims to cut $3.6 trillion in government spending over 10 years.,0182
000001820002,Trump's budget proposal seeks to cut more than $800 billion from the Medicaid program and more than $192 billion from food stamps.,0182
000001830001,The U.S. Labor Department will implement its fiduciary rule on June 9.,0183
000001830002,President Trump delayed the original enactment date of the fiduciary rule from April 10 for 60 days.,0183
000001840001,The U.S. Senate voted overwhelmingly on Monday to confirm Iowa Governor Terry Branstad as President Donald Trump's ambassador to Beijing.,0184
000001840002,One of Branstad’s first challenges will be pushing China to take a harder line against North Korea.,0184
000001840003,"Chinese President Xi Jinping has called Branstad, 70, an “old friend” after decades of dealings on agricultural trade during his long career in politics in Iowa.",0184
000001850001,The U.S. Strategic Petroleum Reserve holds about 688 million barrels of crude oil.,0185
000001850002,Congress created the U.S. Strategic Petroleum Reserve in 1975 after the Arab oil embargo.,0185
000001850003,"The Trump budget proposes to start selling SPR oil in fiscal year 2018, generating $500 million.",0185
000001850004,The Trump administration proposed restarting a nuclear waste fund that would bring in more than $3 billion by 2027.,0185
000001860001,President Donald Trump’s fiscal 2018 budget proposal suggests cuts or major structural changes for two Wall Street financial regulators.,0186
000001860002,The U.S. Consumer Financial Protection Bureau (CFPB) would undergo a “restructure” under President Donald Trump’s fiscal 2018 budget proposal.,0186
000001860003,The elimination of the SEC's reserve fund would reduce the deficit by $50 million annually.,0186
000001860004,"The CFPB’s $605.9 million budget is funded by the Federal Reserve, which is not subject to congressional appropriations.",0186
000001870001,The Trump administration’s budget proposal would convert some foreign military grants to loans.,0187
000001870002,The White House budget documents showed total defense spending for the 2018 fiscal year as $603 billion.,0187
000001880001,The Trump administration assumes that economic growth will reach 3 percent annually by the end of Trump's first term and stay there at least through 2027.,0188
000001880002,"Actual first-quarter economic growth was a weak 0.7 percent on an annualized basis, though current Fed forecasts expect about 2.1 percent growth for the year.",0188
000001890001,The White House budget proposed $46.54 billion in cuts to federal government funding for the agriculture sector over the next 10 years.,0189
000001890002,"The biggest cut, $38 billion, would come in the form of reductions to farm supports.",0189
000001890003,The overall proposed budget cuts would eliminate the Rural Economic Development program.,0189
000001900001,Chicago is starting an advertising campaign to reassure immigrants that they are welcome in the third-largest U.S. city.,0190
000001900002,Mayor Rahm Emanuel said on Monday he was not worried about the “One Chicago” campaign upsetting the Trump administration.,0190
000001910001,Two federal judges suspended executive orders restricting travel from several Muslim-majority countries.,0191
000001910002,"On Monday, the U.S. Justice Department asked a federal judge to reconsider a ruling which blocked President Donald Trump's attempt to cut off federal funding for so-called sanctuary cities.",0191
000001920001,Former U.S. Vice-President Al Gore said that U.S. President Donald Trump cannot stop momentum to tackle climate change.,0192
000001920002,"""An Inconvenient Sequel: Truth to Power"" is the follow-up to ""An Inconvenient Truth"", which was credited with bringing climate change into mainstream political discourse in the United States a decade ago.",0192
000001930001,Michael Flynn declined to comply with a subpoena from the Senate Intelligence Committee.,0193
000001930002,"Flynn's attorney stated that Flynn has a ""reasonable apprehension"" that his testimony could be used against him.",0193
000001940001,El Paso County filed a lawsuit in federal court.,0194
000001940002,"El Paso County filed the lawsuit to halt a new law designed to punish ""sanctuary cities"", claiming it was vague, cruel and unconstitutional.",0194
000001940003,The law in Texas takes effect on Sept. 1.,0194
000001950001,The Trump administration requested a postponement of a court case regarding the fate of Obamacare cost-sharing subsidies.,0195
000001950002,The payments for the Obamacare cost-sharing subsidies amount to about $7 billion this year.,0195
000001960001,President Donald Trump is seeking outside counsel to help him during investigations into his campaign and Russian meddling in the 2016 U.S. election.,0196
000001960002,"The four prominent attorneys who are considered finalists for representing Trump are Marc Kasowitz, Robert Giuffra Jr., Reid Weingarten, and Theodore Olson.",0196
000001970001,"In March, President Donald Trump urged Dan Coats and Michael Rogers to publicly deny any evidence of collusion between the Trump campaign and Russia.",0197
000001970002,Dan Coats and Michael Rogers refused to comply with President Trump's requests because they believed them to be inappropriate.,0197
000001980001,Former FBI Director James Comey delayed his appearance before the U.S. House Oversight Committee.,0198
000001980002,"Before testifying in public, James Comey wanted to speak with former FBI Director Robert Mueller.",0198
000001990001,The U.S. Senate Intelligence Committee will vigorously pursue General Flynn's testimony and his production of any and all pertinent materials pursuant to the Committee’s authorities.,0199
000001990002,The Republican and Democratic leaders of the U.S. Senate Intelligence Committee said on Monday they were disappointed Michael Flynn declined their request for an interview and production of subpoenaed documents.,0199
000002000001,US President Donald Trump visited Jerusalem on Monday.,0200
000002000002,"""Shared concern about Iran is driving Israel and many Arab states closer together,"" said US President Donald Trump.",0200
000002010001,Karl Oliver apologized for his choice of words on Monday.,0201
000002010002,Karl Oliver called for the lynching of those responsible for removing Confederate statues in a Facebook post.,0201
000002020001,A brawl erupted between protesters and Turkish security personnel outside the Turkish ambassador’s residence during Erdogan's visit to Washington.,0202
000002020002,Turkey blamed the violence on demonstrators linked to the militant Kurdistan Workers Party.,0202
000002020003,Washington’s police chief described the incident as a “brutal attack” on peaceful protesters.,0202
000002030001,The U.S. Supreme Court ruled that North Carolina Republicans unlawfully considered race when drawing congressional district boundaries.,0203
000002030002,North Carolina Republicans claimed that the 12th congressional district was drawn solely based on partisan aims to benefit Republicans.,0203
000002050001,Sara Netanyahu spoke to Donald Trump and Melania Trump on Monday.,0205
000002050002,"Sara Netanyahu stated that ""the majority of the people of Israel"" love Donald Trump and Melania Trump.",0205
000002060001,"Senator Patty Murray, the top Democrat on the U.S. Senate committee overseeing pensions, asked the U.S. Office of Government Ethics to assess whether President Donald Trump is violating the Constitution.",0206
000002060002,Public pension funds in at least seven U.S. states periodically send millions of dollars to an investment fund that owns the Trump SoHo Hotel and Condominium in New York City.,0206
000002070001,"In 2016, the United States had a trade deficit of nearly $10 billion with Israel.",0207
000002070002,"The United States is Israel’s single-largest trading partner by country, but third-largest regional market behind Europe and Asia.",0207
000002080001,The Republican Party of Louisiana challenged a federal campaign finance restriction that prevents political parties from raising unlimited amounts of cash to spend on supporting candidates.,0208
000002080002,The Supreme Court upheld a lower court's ruling rejecting the Republican Party of Louisiana's challenge to a campaign finance restriction.,0208
000002090001,U.S. President Donald Trump said that Iran must stop its financial and military support for terrorists and militias.,0209
000002090002,U.S. President Donald Trump stated that Iran must never be allowed to possess a nuclear weapon.,0209
000002100001,Myron Ebell stated that he believed the Trump administration was moving too slowly to dismantle climate change regulations.,0210
000002100002,"Myron Ebell cited the slow pace of EPA appointments, including deputy administrator and various assistant administrators, as a reason for his dissatisfaction with the Trump administration's approach to climate regulations.",0210
000002110001,"U.S. President Donald Trump believes there is a rare opportunity to bring security, stability, and peace to the region and its people.",0211
000002110002,U.S. President Donald Trump believes that working together is necessary for achieving security and peace in the region.,0211
000002120001,"Israeli Prime Minister Benjamin Netanyahu hoped that U.S. President Donald Trump's visit to Israel would be a ""historic milestone"" in achieving regional peace.",0212
000002120002,"Israel extended its hand in peace to all its neighbors, including the Palestinians.",0212
000002130001,U.S. Secretary of State Rex Tillerson said on Monday that President Donald Trump was prepared to invest his personal efforts into Middle East peace if Israeli and Palestinian leaders were ready to be serious about engaging in the process.,0213
000002130002,"Rex Tillerson said that a three-way meeting between U.S., Israeli, and Palestinian leaders was for a later date rather than on his current trip.",0213
000002140001,U.S. President Donald Trump arrived in Israel on a flight from Saudi Arabia.,0214
000002140002,U.S. President Donald Trump will meet separately with Israeli Prime Minister Benjamin Netanyahu and Palestinian President Mahmoud Abbas to revive peace talks.,0214
000002140003,Air Force One landed at Tel Aviv's Ben-Gurion airport.,0214
000002140004,His nine-day trip through the Middle East and Europe ends on Saturday.,0214
000002150001,"In a deal announced on Saturday, Saudi Arabia agreed to purchase $110 billion worth of U.S. arms.",0215
000002150002,Israel considers Iran a security threat but possesses a military advantage over Arab states.,0215
000002160001,Melania Trump praised the empowerment of women at a General Electric all-female service center in Riyadh.,0216
000002160002,Melania Trump shared a photo with seven women dressed in abayas.,0216
000002170001,Mohammad Javad Zarif criticized Donald Trump for sealing an arms deal with Saudi Arabia.,0217
000002170002,"In his first keynote speech abroad, Donald Trump urged Arab and Islamic leaders to unite and defeat Islamist extremists.",0217
000002170003,Hassan Rouhani won a second term as Iran's president.,0217
000002170004,Mohammad Javad Zarif referred to Saudi Arabia being milked of $480 billion.,0217
000002180001,Reince Priebus is returning to Washington after completing the Saudi Arabia portion of President Donald Trump's trip.,0218
000002180002,Reince Priebus planned to return early because the White House is unveiling its full budget this week.,0218
000002190001,Trump did not make overt mentions of human rights abuses in Saudi Arabia or other Gulf nations.,0219
000002190002,"Trump's approach to Iran differed from Obama's, with Trump focusing on Iran's support for terrorism and its threats towards Israel and America.",0219
000002190003,"Iranian Foreign Minister Mohammad Javad Zarif criticized Trump for attacking Iran ""in that bastion of democracy & moderation"" of Saudi Arabia and suggested Trump had ""milked"" his hosts for business deals.",0219
000002200001,The U.S. Department of Defense is assessing its ability to recruit transgender people as soon as 1 July.,0220
000002200002,The Pentagon ended its ban on openly transgender people serving in the U.S. military last year.,0220
000002210001,Donald Trump's budget proposal will include cuts to Medicaid and propose changes to other assistance programs for low-income citizens.,0221
000002210002,A Republican healthcare bill passed the U.S. House of Representatives in early May.,0221
000002210003,"Over 44 million Americans received benefits from the SNAP program in February, according to the U.S. Department of Agriculture.",0221
000002220001,Donald Trump discussed the firing of James Comey with Russian Foreign Minister Sergei Lavrov during a meeting on May 10.,0222
000002220002,"Republican Senator John McCain expressed being ""speechless"" in response to reports of Donald Trump's comments about James Comey during the May 10 meeting.",0222
000002230001,Sebastien Ogier won the Rally of Portugal for a record-equaling fifth time.,0223
000002230002,Sebastien Ogier leads Thierry Neuville by a margin of 22 points.,0223
000002240001,<OUTPUT> U.S. President Donald Trump discussed his firing of FBI Director James Comey with Russia's foreign minister Sergei Lavrov to explain why he felt unable to cooperate with Russia.</OUTPUT>,0224
000002240002,"<OUTPUT> During a May 10 meeting, U.S. President Donald Trump said that he fired the head of the FBI, James Comey, because ""He was crazy, a real nut job."" </OUTPUT>",0224
000002250001,James Comey agreed to testify before the U.S. Senate Intelligence Committee.,0225
000002250002,The public hearing will be scheduled after the May 29 Memorial Day holiday.,0225
000002260001,President Donald Trump fired FBI Director James Comey.,0226
000002260002,A special counsel was appointed to investigate the Russia ties.,0226
000002270001,"Many top State Department posts remain vacant, limiting the expertise available for briefing Trump on crucial foreign policy matters.",0227
000002270002,Decision-making power within the Trump administration appears to be concentrated among a select few loyalists.,0227
000002270003,The White House has been slower than previous administrations in sending nominees to the Senate for confirmation.,0227
000002280001,Trump may have attempted to obstruct the investigation into his former national security advisor.,0228
000002280002,The appointment of a special counsel indicates a serious need for an independent investigation into Russian interference and possible collusion by the Trump campaign.,0228
000002280003,"The White House has provided inconsistent reasons for Comey's dismissal, raising questions about transparency.",0228
000002290001,Democratic Senator Ron Wyden believes that Republican leadership is moving away from full-scale tax reform and toward simply cutting rates.,0229
000002290002,"Mitch McConnell, the Senate majority leader, has recently been discussing tax cuts rather than tax reform.",0229
000002290003,Ron Wyden argues there is robust bipartisan agreement that a major tax overhaul is needed.,0229
000002300001,"Public approval of President Donald Trump dropped to its lowest level since his inauguration, according to a Reuters/Ipsos poll released on Friday.",0230
000002300002,The May 14-18 opinion poll found that 38 percent of adults approved of Trump while 56 percent disapproved.,0230
000002310001,President Donald Trump plans to nominate Callista Gingrich as ambassador to the Vatican.,0231
000002310002,Callista Gingrich is the wife of former Republican House Speaker Newt Gingrich.,0231
000002310003,Callista Gingrich produces documentary films on public policy and history.,0231
000002320001,Senator Ron Wyden believes the Congress has a broader oversight responsibility than just whether crimes have been committed.,0232
000002320002,The Senate Intelligence Committee is conducting one of the main congressional probes of the issue.,0232
000002330001,U.S. President Donald Trump has nominated Marine General Joseph Dunford to continue serving as his top military adviser.,0233
000002330002,Joseph Dunford was first named chairman of the Joint Chiefs of Staff in 2015.,0233
000002340001,Anthony Weiner pleaded guilty to sending sexually explicit messages to a teenage girl.,0234
000002340002,"Hours after Weiner's court hearing, Huma Abedin filed for divorce in a Manhattan court.",0234
000002340003,"Weiner could face a maximum sentence of unspecified length, but is likely to receive a sentence within a range determined by his plea agreement.",0234
000002350001,The Trump administration is exploring whether it can use an obscure ethics rule to undermine the special counsel investigation into ties between President Donald Trump’s campaign team and Russia.,0235
000002350002,"President Donald Trump said that Deputy Attorney General Rod Rosenstein’s hiring of former FBI Director Robert Mueller as special counsel to lead the investigation “hurts our country terribly.""",0235
000002360001,James Donovan withdrew his nomination for deputy Treasury secretary.,0236
000002360002,James Donovan withdrew from the position for personal reasons.,0236
000002370001,A current White House official is a significant person of interest in the law enforcement investigation.,0237
000002370002,The White House official is a senior White House adviser who is close to Donald Trump.,0237
000002380001,"President Donald Trump faced ""great pressure because of Russia.""",0238
000002380002,"According to President Donald Trump, firing FBI Director James Comey relieved ""great pressure"" he was facing.",0238
000002390001,"The EPA's grants to state and local governments on pollution issues would be cut by 45 percent, resulting in a total of $597 million.",0239
000002390002,"More than a dozen programs aimed at tackling environmental problems in the Chesapeake Bay, the Great Lakes, and South Florida would be cut entirely.",0239
000002400001,"The U.S. House of Representatives will send its healthcare overhaul plan to the Senate after it receives a final analysis by congressional reviewers, probably in a couple of weeks.",0240
000002400002,The Congressional Budget Office (CBO) is expected to release its analysis of the legislation's costs and impact on health insurance coverage late Wednesday.,0240
000002410001,U.S. President Donald Trump decided to fire FBI chief James Comey before Deputy Attorney General Rod Rosenstein wrote a memo outlining his own concerns.,0241
000002410002,"When it was announced this month that Comey had been fired, White House officials initially pointed to the Rosenstein memo as a reason for firing the FBI director.",0241
000002420001,Gulf states argue they respect human rights within the framework of Islamic Sharia law and conservative societal norms.,0242
000002420002,"Despite their claims, Gulf states have implemented measures that restrict freedom of expression, such as banning political parties, controlling the press, and arresting activists.",0242
000002420003,International organizations have expressed concerns about Gulf states using counter-terrorism legislation to target human rights defenders and writers.,0242
000002430001,The White House said there will be no planned announcement on Friday of U.S. President Donald Trump’s nominee for FBI director.,0243
000002430002,Donald Trump fired former FBI director James Comey on May 9.,0243
000002440001,The Congressional Budget Office expects to release its analysis on May 24th.,0244
000002440002,The Republican-led House passed its healthcare bill earlier this month without a final CBO score.,0244
000002450001,"Three U.S. Democratic Senators raised concerns about President Trump's administration permanently shelving the ""fiduciary rule"".",0245
000002450002,"The ""fiduciary rule"", approved last year under former President Barack Obama, was intended to prevent brokers from recommending inappropriate retirement investments.",0245
000002460001,President Donald Trump will propose $200 billion in infrastructure spending over 10 years.,0246
000002460002,The budget will include details about Trump’s proposals to cut foreign aid and boost military spending.,0246
000002470001,President Trump's upcoming trip will last nine days.,0247
000002470002,"During his campaign, Donald Trump promised to be Israel's ""best friend"" if elected.",0247
000002480001,Trump plans to dedicate a memorial at the new NATO headquarters.,0248
000002480002,"The North Atlantic Treaty Organization invoked the collective defense article, Article 5, only once – after the September 11, 2001, attacks on the United States.",0248
000002490001,Trump expressed a negative sentiment towards Mueller's appointment.,0249
000002490002,Rosenstein appeared anxious and nervous during his briefing to senators.,0249
000002490003,There was tension in the relationship between Trump and Comey.,0249
000002490004,There are suspicions that Trump may have committed obstruction of justice.,0249
000002500001,The overwhelming majority of conservatives and Republicans believe that the current controversies surrounding Donald Trump are driven by media bias and political agendas.,0250
000002500002,77 percent of Republicans approve of Donald Trump's performance.,0250
000002510001,More than a dozen Democratic attorneys general are seeking to intervene in a court case concerning Obamacare subsidy payments.,0251
000002510002,The Republican-led House of Representatives filed the case against the federal government.,0251
000002510003,The attorney general from Kentucky is joining the court filing even as the state's Republican governor has pledged to rollback a Medicaid expansion made possible by Obamacare.,0251
000002520001,Steven Mnuchin has expressed doubts that alternate scoring models will adequately account for the potential for economic growth when assessing the impact of the Trump administration’s tax plan.,0252
000002520002,The Trump administration's tax plan proposes cutting business taxes to 15 percent and simplifying income tax brackets for individuals.,0252
000002520003,"""Any plan we put forward, we believe should be paid for with economic growth,"" said Steven Mnuchin.",0252
000002530001,Senator Sherrod Brown requested Treasury Secretary Steven Mnuchin to produce a list of the Trump family’s business relationships with foreign companies.,0253
000002530002,The Treasury department works with other agencies to address and mitigate potential conflicts of interest if and when they arise.,0253
000002540001,The comptroller position is currently being filled in an acting capacity by Keith Noreika.,0254
000002540002,We actually have someone the president has approved that is going through the FBI vetting process.,0254
000002550001,Senator Sherrod Brown asked Treasury Secretary Steven Mnuchin if he was aware of any White House guidance urging administration officials not to respond to or delay responses to Democratic senators.,0255
000002550002,"On March 2, Senator Sherrod Brown sent a letter to Steven Mnuchin inquiring about potential conflicts of interest and ownership within the administration.",0255
000002560001,"In accordance with the 90-day consultation period, talks over NAFTA are scheduled to begin by August 16th.",0256
000002560002,"Canadian Foreign Minister Chrystia Freeland stated that Canada is ""steadfastly committed"" to free trade in the North American region.",0256
000002560003,Trump considered withdrawing from NAFTA but decided to pursue negotiations instead after discussions with senior officials.,0256
000002570001,Dozens of American academic groups have taken a stance against a Trump administration proposal to toughen scrutiny of some U.S. visa applicants.,0257
000002570002,"More than 50 academic and educational groups across a range of social and physical sciences and representing college admission counselors and advisers said that the changes would cause ""uncertainties and confusion,"" lead to ""unacceptably long delays in processing"" and apply to a ""vague and ill-defined"" class of visa applicants.",0257
000002580001,A bipartisan bill was introduced to prohibit members of the U.S. Congress from ever working as lobbyists after they leave office.,0258
000002580002,Similar legislation prohibiting former members of Congress from lobbying has failed in the past.,0258
000002590001,Representative Mac Thornberry introduced legislation to cut cost overruns at the Pentagon.,0259
000002590002,The current acquisition process at the Department of Defense prohibits rapid purchases of goods at the best prices because it is restricted to using expensive and onerous contracting processes.,0259
000002600001,Former FBI Director Robert Mueller is conducting a criminal investigation into potential obstruction of justice.,0260
000002600002,Deputy Attorney General Rod Rosenstein appointed Robert Mueller as a special counsel.,0260
000002610001,"President Donald Trump stated, ""There's been no collusion between certainly myself and my campaign, but I can always speak for myself, and the Russians. Zero.""",0261
000002610002,"President Donald Trump said, ""I think it divides the country.""",0261
000002620001,Business executives urged lawmakers to pursue a permanent tax reform package that avoids expanding the federal deficit.,0262
000002620002,Emerson Chief Executive David Farr requested a permanent tax rate for at least 10 years.,0262
000002630001,Republican Representative Jason Chaffetz will depart Congress at the end of next month.,0263
000002630002,Jason Chaffetz was first elected to the House of Representatives in 2008.,0263
000002640001,"President Donald Trump believes that the appointment of a special counsel ""hurts our country terribly, because it shows we’re a divided, mixed-up, not-unified country"".",0264
000002650001,President Donald Trump said he was close to selecting a new FBI director.,0265
000002650002,Former senator and Democratic vice presidential candidate Joe Lieberman was among the top candidates for the FBI director position.,0265
000002660001,Representatives Elijah Cummings and Eric Swalwell introduced a bill seeking to establish an independent commission.,0266
000002660002,Representatives Elijah Cummings and Eric Swalwell introduced a bill seeking to establish an independent commission in December 2016 and again in January 2017.,0266
000002660003,The petition would need 23 Republican signatures to succeed.,0266
000002670001,John Brennan will appear before the U.S. House of Representatives Intelligence Committee on May 23.,0267
000002670002,John Brennan will appear before the committee as part of its investigation of Russia and the 2016 U.S. election.,0267
000002680001,Nancy Pelosi stated that a special prosecutor cannot take the place of a truly independent outside commission.,0268
000002680002,"Nancy Pelosi said that if President Trump has nothing to hide, he and Republicans in Congress should welcome independent investigations.",0268
000002690001,Paul Ryan did not believe the appointment of Robert Mueller as special counsel would interfere with congressional probes of Russia and the 2016 U.S. election.,0269
000002690002,Paul Ryan was in a meeting with Deputy Attorney General Rod Rosenstein and congressional leaders on Wednesday night.,0269
000002700001,General Flynn's attorneys have not yet indicated their intentions regarding the Senate Intelligence Committee's subpoena.,0270
000002700002,Burr told reporters earlier on Thursday that Flynn’s lawyers had said he would not honor the subpoena issued in connection with the committee’s investigation into Russia and the 2016 U.S. presidential election.,0270
000002710001,"Rod Rosenstein, Deputy Attorney General, appointed Robert Mueller as special counsel.",0271
000002710002,Robert Mueller was decorated as a Marine Corps officer during the Vietnam War.,0271
000002710003,Robert Mueller was appointed by Republican President George W. Bush and asked by Democratic President Barack Obama to stay on for two more years.,0271
000002720001,"Trump campaign advisers had contacts with Russian officials, including phone calls, emails, and text messages.",0272
000002720002,The number of contacts between Trump aides and Russian officials was considered unusual compared to previous campaigns.,0272
000002720003,"While the identities of many Putin-linked participants remain classified, Kislyak and Medvedchuk are named as having contact with the Trump campaign.",0272
000002730001,The Senate Intelligence Committee is negotiating with Michael Flynn to obtain documents.,0273
000002730002,Michael Flynn's lawyers stated he would not honor a subpoena for documents.,0273
000002740001,"Adel al-Jubeir said Trump's visit will ""bolster the strategic partnership between the two countries"".",0274
000002740002,Saudi Arabia agrees with the US administration’s view in relation to uprooting terrorism.,0274
000002750001,U.S. House of Representatives Speaker Paul Ryan said he was confident lawmakers could get tax reform legislation passed in calendar year 2017.,0275
000002750002,Paul Ryan stated that he thought they were making good progress on the tax reform legislation.,0275
000002760001,The House Intelligence Committee requested more documents from the Department of Justice and the FBI.,0276
000002760002,The House Intelligence Committee is conducting an ongoing probe into alleged Russian interference into the 2016 U.S. election.,0276
000002770001,Mexico's economy ministry welcomed the upcoming renegotiation of NAFTA.,0277
000002770002,"NAFTA had been a boon to Canada, the United States and Mexico.",0277
000002780001,Chuck Schumer believes congressional investigations should continue despite the appointment of a special counsel.,0278
000002780002,Chuck Schumer stated that Congress must continue to do its jobs.,0278
000002790001,Dmitry Peskov declined to comment on the appointment of Robert Mueller as special counsel.,0279
000002790002,Dmitry Peskov considers the appointment of Robert Mueller as special counsel an internal matter for the United States.,0279
000002800001,Trump prioritizes personal relationships in his diplomatic approach.,0280
000002800002,"Trump has a short attention span and prefers single-page memos with visual aids like maps, charts, graphs, and photos.",0280
000002800003,"Trump's first stop on his trip is Saudi Arabia, which could be seen as a gesture towards Muslims.",0280
000002810001,The White House stated that Comey was fired because of his handling of the Clinton email investigation.,0281
000002810002,"There are indications that Comey's firing may be connected to the Russia probe, as a memo he wrote states that Trump asked him to end the FBI investigation into Flynn.",0281
000002810003,"Trump has publicly expressed disapproval of Comey, calling him a ""showboat"" and stating he would have fired him regardless of Rosenstein's recommendation.",0281
000002820001,The Justice Department's decision to name a special prosecutor could ease red-hot partisan tensions in Congress.,0282
000002820002,Senator John Cornyn believes the announcement of a special prosecutor could make it easier for the Senate to confirm President Donald Trump’s replacement of fired FBI Director James Comey.,0282
000002830001,"In June 2016, during a private meeting with fellow lawmakers, House of Representatives Majority Leader Kevin McCarthy stated that Vladimir Putin could be making payments to Donald Trump.",0283
000002840001,Members of the U.S. Congress generally approved of the appointment of former FBI director Robert Mueller as special counsel.,0284
000002840002,Committees in the House and the Senate will continue their own investigations while Mueller leads the Justice Department’s probe.,0284
000002850001,Robert Mueller was 72 years old when he was appointed special counsel.,0285
000002850002,Robert Mueller was the chief of the Justice Department's criminal division before becoming FBI Director.,0285
000002860001,"As of four months into Donald Trump's presidency, only limited progress has been made on passing sweeping tax cuts.",0286
000002860002,The Senate is only in the very early stages of considering an Obamacare rewrite.,0286
000002870001,Vladimir Putin said on Wednesday that U.S. President Donald Trump had not divulged any secrets during a meeting in Washington with Russian officials.,0287
000002870002,"Representative Adam Schiff, the top Democrat on the House Intelligence Committee... called Putin’s offer 'quite amusing.'",0287
000002880001,Comey's firing did not end the FBI's investigation into Moscow's role in the 2016 election.,0288
000002880002,"""Probes underway in the U.S. Congress will also continue.""",0288
000002890001,Milwaukee County Sheriff David Clarke accepted a job as assistant secretary of the U.S. Department of Homeland Security.,0289
000002890002,David Clarke said he would leave his position as sheriff next month.,0289
000002890003,"David Clarke said he would be a liaison with state and local governments, the private sector, and state, local, and tribal law enforcement within the Department of Homeland Security.",0289
000002900001,Donald Trump stated that there was no collusion between his campaign and any foreign entity.,0290
000002900002,The U.S. Justice Department appointed Robert Mueller as special counsel.,0290
000002910001,A bill proposed in Congress would require the U.S. National Security Agency to inform representatives of other government agencies about security holes it finds in software.,0291
000002910002,"Under former President Barack Obama, the government created a similar inter-agency review for security holes, but it was not required by law.",0291
000002910003,The new bill would mandate a review when a government agency discovers a security hole in a computer product and does not want to alert the manufacturer because it hopes to use the flaw to spy on rivals.,0291
000002920001,The online political stock market PredictIt saw record volume in the last two days on contracts focused on whether Donald Trump will be impeached.,0292
000002920002,"On PredictIt, the price of a ""yes"" contract for whether Donald Trump will be impeached in 2017 jumped to a record 33 cents, implying a 33 percent probability.",0292
000002930001,Robert Mueller was named special prosecutor.,0293
000002930002,"The investigation focuses on ""Russian government efforts to influence the 2016 presidential election, and related matters"".",0293
000002940001,"U.S. President Donald Trump will interview Andrew McCabe, Frank Keating, Joe Lieberman, and Richard McFeely for the position of director of the Federal Bureau of Investigation.",0294
000002940002,The position of director of the Federal Bureau of Investigation was left vacant after Donald Trump fired James Comey.,0294
000002950001,The White House is set to unveil President Donald Trump’s first full budget for the 2018 fiscal year on Tuesday.,0295
000002950002,"The White House had released what is known as a ""skinny budget"" in March,  Trump’s first crack at a summary of his spending wishes for discretionary programs for the year that begins Sept. 30.",0295
000002960001,U.S. industry groups want a speedier permit process and simpler environmental rules from Trump's promised regulatory overhaul.,0296
000002960002,"The EPA’s regulatory reform office received remarks from more than 65,000 people and groups.",0296
000002970001,The U.S. industry groups recommend modifying the U.S. Clean Air Act's Greenhouse Gas Reporting rule to create incentives for carbon capture and storage technology.,0297
000002970002,U.S. industry groups recommend eliminating redundant stack testing currently required under parts of the U.S. Clean Air Act.,0297
000002980001,Supporters believe the bill will make regulators more accountable to lawmakers and provide greater understanding of how rules affect the economy.,0298
000002980002,Critics say the Regulatory Accountability Act creates so many new requirements that it would paralyze regulators working to establish even the most basic rules and standards. They also say it makes cutting industry and banks’ costs a higher priority than protecting public health and safety.,0298
000002990001,Arrests of suspected illegal immigrants rose by nearly 40 percent in the first 100 days of Donald Trump's presidency.,0299
000002990002,"Between January 22 and the end of April, ICE made 41,318 arrests.",0299
000003000001,An article on a State Department website in April about Mar-a-Lago was eventually withdrawn.,0300
000003000002,A Twitter account for the State Department’s Office of Global Women’s Issues retweeted a post by Ivanka Trump in which she promoted her new book.,0300
000003010001,The Senate Judiciary Committee asked the FBI for memos related to former FBI Director James Comey's dealings with his superiors in the Trump and Obama administrations.,0301
000003010002,"The Senate Judiciary Committee also asked the White House for records of interactions with Comey, including those relating to the FBI's investigation of alleged ties between President Trump’s associates and Russia, or the Clinton email investigation, including all audio recordings, transcripts, notes, summaries, or memoranda.",0301
000003020001,<OUTPUT>The group of Republican governors recommends maintaining the Affordable Care Act's Medicaid expansion while allowing other states to expand and capping federal spending on certain populations through block grants or per capita caps.</OUTPUT>,0302
000003020002,"<OUTPUT>Senator Rob Portman wrote in an op-ed that he and other senators tasked with writing a healthcare bill have continued to engage with governors, many of whom share concerns about Medicaid but want more flexibility.</OUTPUT>",0302
000003030001,"U.S. President Donald Trump said he would use his upcoming trip to Saudi Arabia to challenge the leaders of Muslim countries to ""fight hatred and extremism"" while pursuing a peaceful future for their faith.",0303
000003040001,Donald Trump asked James Comey to end the FBI's investigation.,0304
000003040002,The FBI's investigation was about the ties between Michael Flynn and Russia.,0304
000003050001,The U.S. Senate Intelligence Committee asked James Comey to appear before the panel.,0305
000003050002,The Senate Intelligence Committee asked Andrew McCabe to send any notes or memos prepared by James Comey.,0305
000003060001,Paul Ryan stated that he wants to hear from James Comey.,0306
000003060002,"When asked, Paul Ryan stated that he has confidence in Donald Trump.",0306
000003070001,Theresa May said that the British government has confidence in its relationship with the United States.,0307
000003070002,Britain will continue to share intelligence with the United States.,0307
000003070003,"""Decisions about what President Trump discusses with anybody that he has in the White House is a matter for President Trump,"" said Theresa May.",0307
000003080001,U.S. President Donald Trump shared classified information with Russia about a potential airline plot by Islamic State.,0308
000003080002,The compromised source could be either a human intelligence asset or well-placed signal intelligence.,0308
000003090001,Washington Governor Jay Inslee signed a bill on Tuesday that paves the way for the state to create what is believed to be the first system in the US to certify marijuana as organic.,0309
000003090002,Republican Senator Ann Rivers said marijuana certified as organically grown is likely to be on sale in Washington in about a year and a half.,0309
000003090003,Washington was the second state to begin legal recreational pot sales in mid-2014.,0309
